"query","search interest","increase percent"
"music jazz",100,"6%"
"music",100,"-9%"
"jazz music",99,"0%"
"relaxing jazz",32,"-4%"
"relaxing music",28,"0%"
"relaxing jazz music",27,"-2%"
"jazz relaxing music",27,"-6%"
"smooth jazz",26,"-2%"
"instrumental jazz",22,"5%"
"jazz instrumental",21,"0%"
"jazz cafe",20,"9%"
"cafe jazz",20,"0%"
"jazz songs",20,"5%"
"jazz cover",19,"-1%"
"cover jazz",18,"-9%"
"jazz song",15,"2%"
"jazz piano",14,"0%"
"piano",14,"0%"
"piano jazz",14,"-1%"
"blues",14,"1%"
"jazz karaoke",14,"1%"
"karaoke jazz",13,"-1%"
"blues jazz",13,"-2%"
"jazz blues",13,"-7%"
"jazz indonesia",12,"-2%"
"jazz morning",11,"7%"
"morning jazz",11,"-9%"
"lagu jazz",11,"-2%"
"honda jazz",10,"5%"
"jazz dance",9,"-3%"
"coffee jazz",9,"20%"
"live jazz",9,"-4%"
"jazz live",9,"-2%"
"jazz coffee",9,"10%"
"jazz lounge",8,"-1%"
"jazz autumn",8,"70%"
"snoopy",8,"40%"
"snoopy jazz",8,"50%"
"autumn jazz",8,"60%"
"jazz night",8,"4%"
"night jazz",8,"-4%"
"fall jazz",8,"100%"
"jazz guitar",7,"-4%"
"saxophone jazz",7,"20%"
"jazz saxophone",7,"20%"
"jazz playlist",7,"6%"
"lofi",7,"-2%"
"jazz mix",7,"-9%"
"lofi jazz",7,"-1%"
"jazz lofi",7,"-4%"