keyword,source_priority,vidiq_search_volume,vidiq_competition,vidiq_overall,youtube_autocomplete,google_trends_interest,google_trends_change,relevance_class,recommended_role,notes
jazz music,vidiq,1304069,Low,80,yes,100,6%,core,fallback,"Broad high-confidence genre keyword; use as support rather than replacing the Vintage Jazz brand"
jazz noir,vidiq,925820,Low,83,yes,,,conditional,secondary,"Strong vidIQ result; use only when episode is genuinely noir"
noir jazz,vidiq,818638,Medium,76,no,,,conditional,secondary,"Variant of jazz noir; do not pair mechanically with jazz noir"
smooth jazz,vidiq,1264048,Medium,78,yes,26,-2%,conditional,primary,"Use only when the music fits smooth jazz"
jazz relaxing music,vidiq,948570,Medium,74,yes,27,-6%,conditional,primary,"Use only when relaxation/background intent is supported"
dark jazz noir,vidiq,87786,Low,70,no,,,conditional,secondary,"Narrow dark/noir intent"
instrumental jazz,google_trends,,,,yes,22,5%,core,secondary,"Good truthful modifier for instrumental uploads"
jazz instrumental,google_trends,,,,yes,13,30%,core,secondary,"Variant; avoid using alongside instrumental jazz in same title"
late night jazz,google_trends,,,,no,16,80%,core,secondary,"Recurring mood branch; strong fit and rising in supplied Trends export; needs vidIQ validation"
vintage jazz,google_trends,,,,no,65,20%,core,primary,"Chosen channel genre and brand keyword; needs vidIQ and autocomplete validation"
jazz vintage,youtube_autocomplete,,,,yes,,,conditional,secondary,"Exact YouTube autocomplete phrasing; validate natural usage and vidIQ metrics before primary use"
night jazz,google_trends,,,,no,33,60%,core,secondary,"Useful variant; avoid stacking with late night jazz"
jazz night,google_trends,,,,no,33,60%,conditional,secondary,"Less natural English ordering than night jazz"
midnight jazz,google_trends,,,,no,12,60%,core,primary,"Strong episode fit; needs vidIQ and autocomplete validation"
jazz lounge,google_trends,,,,no,13,40%,conditional,secondary,"Use for lounge/bar-like mixes only"
jazz bar,google_trends,,,,no,5,40%,conditional,secondary,"Strong scene fit but lower supplied interest"
jazz playlist,google_trends,,,,yes,13,30%,core,secondary,"Appropriate for multi-track long-form videos"
jazz cafe,google_trends,,,,yes,7,-5%,conditional,secondary,"Use only for cafe scenes or cafe listening intent"
jazz piano,vidiq,,,,yes,21,20%,conditional,secondary,"Instrument must be prominent"
jazz saxophone,google_trends,,,,yes,17,70%,conditional,secondary,"Instrument must be prominent; avoid for mostly sax-free playlists"
jazz noir instrumental,youtube_autocomplete,,,,yes,,,conditional,secondary,"Autocomplete evidence; use for instrumental noir episodes"
jazz noir ambience,youtube_autocomplete,,,,yes,,,conditional,secondary,"Use only when ambience is material"
jazz noir playlist,youtube_autocomplete,,,,yes,,,conditional,secondary,"Use for long-form noir playlists"
jazz noir rain,youtube_autocomplete,,,,yes,,,conditional,secondary,"Use only with audible/visual rain"
jazz playing in another room,vidiq,12215,Low,63,no,,,conditional,primary,"Rising vidIQ signal shown in research screenshot; audio treatment must match"
